nom,prenom,matricule,dateNaissance,email
Lombard,Margaux,424786,1969-12-14,lombard.margaux@gatling.test
Renard,Clémence,649033,1978-05-24,renard.clemence@gatling.test
Ferrand,Augustin,640590,1979-05-04,ferrand.augustin@gatling.test
Gomes,Gérard,409686,1970-01-19,gomes.gerard@gatling.test
Masse,Colette,536182,1970-08-16,masse.colette@gatling.test
Laroche,Benoît,596504,1969-12-04,laroche.benoit@gatling.test
Joubert,Denise,245006,1985-09-04,joubert.denise@gatling.test
Martinez,Luc,399865,1968-11-27,martinez.luc@gatling.test
Léger,Auguste,753651,1990-05-25,leger.auguste@gatling.test
Teixeira,Marine,105050,1995-11-11,teixeira.marine@gatling.test
Goncalves,Édith,919994,1997-09-18,goncalves.edith@gatling.test
Renard,Gilles,256061,1990-01-14,renard.gilles@gatling.test
Rolland,Maggie,832998,1995-11-29,rolland.maggie@gatling.test
Dupuy,Robert,448459,2001-11-23,dupuy.robert@gatling.test
Martel,Gabrielle,967118,1987-09-14,martel.gabrielle@gatling.test
Vallée,Juliette,627062,1970-04-24,vallee.juliette@gatling.test
Besson,Adélaïde,236280,1973-06-25,besson.adelaide@gatling.test
Colas,Georges,169044,1988-09-19,colas.georges@gatling.test
Navarro,Gabrielle,40987,1966-04-07,navarro.gabrielle@gatling.test
Lemaire,Aurélie,955022,1993-07-16,lemaire.aurelie@gatling.test
Vallée,Anastasie,309217,1983-05-06,vallee.anastasie@gatling.test
Faivre,Susan,750520,1964-11-13,faivre.susan@gatling.test
Lopes,Margot,297881,1974-12-28,lopes.margot@gatling.test
Chartier,Véronique,879639,1979-10-04,chartier.veronique@gatling.test
Dumont,Margot,104937,1977-04-10,dumont.margot@gatling.test
Colin,Emmanuel,471444,2000-08-03,colin.emmanuel@gatling.test
Louis,Céline,121865,2000-06-25,louis.celine@gatling.test
Boulanger,Marine,171527,1978-02-05,boulanger.marine@gatling.test
Grondin,Frédéric,818275,1983-03-10,grondin.frederic@gatling.test
Marchal,Isaac,597356,1967-04-03,marchal.isaac@gatling.test
Lebrun,Inès,346575,1974-12-29,lebrun.ines@gatling.test
Perret,Franck,769795,1999-07-19,perret.franck@gatling.test
Mercier,Laetitia,225795,1978-12-12,mercier.laetitia@gatling.test
Meyer,Christine,664558,1987-07-23,meyer.christine@gatling.test
Samson,Sébastien,905915,1985-12-11,samson.sebastien@gatling.test
Fernandes,Corinne,658767,1997-04-02,fernandes.corinne@gatling.test
Lefèvre,Susanne,402291,1964-08-14,lefevre.susanne@gatling.test
Olivier,Aurore,716296,2001-02-10,olivier.aurore@gatling.test
Perrin,Pénélope,711276,1980-06-20,perrin.penelope@gatling.test
De Oliveira,Margaux,361451,1984-04-19,de oliveira.margaux@gatling.test
Lopes,Alfred,774243,1968-01-30,lopes.alfred@gatling.test
Dupont,Audrey,664423,1971-08-19,dupont.audrey@gatling.test
Colas,Bernadette,506494,1977-03-06,colas.bernadette@gatling.test
Petit,Agnès,670498,1986-03-17,petit.agnes@gatling.test
Wagner,Sébastien,31782,1970-06-01,wagner.sebastien@gatling.test
Bousquet,Thomas,415761,2001-03-01,bousquet.thomas@gatling.test
Faivre,Bernadette,232203,1977-09-02,faivre.bernadette@gatling.test
Lévy,William,106426,1971-01-11,levy.william@gatling.test
Dubois,André,495946,1984-08-12,dubois.andre@gatling.test
Henry,Christine,949114,1978-04-04,henry.christine@gatling.test
Leclerc,Nathalie,3011,1988-03-12,leclerc.nathalie@gatling.test
Didier,Alex,9085,1999-05-23,didier.alex@gatling.test
Peltier,Adrienne,785430,1969-01-22,peltier.adrienne@gatling.test
Raymond,Alice,556365,2000-04-10,raymond.alice@gatling.test
Michaud,Capucine,994431,1979-04-09,michaud.capucine@gatling.test
Carlier,Émile,941836,1982-11-01,carlier.emile@gatling.test
Ferreira,Alexandre,135569,1990-07-04,ferreira.alexandre@gatling.test
Da Silva,Daniel,546044,1965-11-06,da silva.daniel@gatling.test
Imbert,Andrée,782094,2001-10-10,imbert.andree@gatling.test
Da Silva,Joséphine,774464,1994-12-25,da silva.josephine@gatling.test
Arnaud,Virginie,211113,1980-04-17,arnaud.virginie@gatling.test
Brun,Roger,391805,1970-06-13,brun.roger@gatling.test
Prévost,Aurore,509429,1967-05-02,prevost.aurore@gatling.test
Labbé,Aimée,570593,1982-01-05,labbe.aimee@gatling.test
Picard,Frédéric,93463,1981-10-10,picard.frederic@gatling.test
Barre,Victoire,286190,1992-05-02,barre.victoire@gatling.test
Laine,Adrien,309912,1986-05-26,laine.adrien@gatling.test
Hardy,Emmanuel,649337,1965-07-26,hardy.emmanuel@gatling.test
Fernandez,Alice,258936,1977-01-30,fernandez.alice@gatling.test
Maillard,Marguerite,1590,1973-08-30,maillard.marguerite@gatling.test
Durand,Anne,464112,1978-09-28,durand.anne@gatling.test
Breton,Stéphanie,851268,1988-04-22,breton.stephanie@gatling.test
Dias,Christine,779900,1976-07-31,dias.christine@gatling.test
Peltier,Stéphane,245362,1996-12-30,peltier.stephane@gatling.test
Andre,Célina,895586,1982-08-12,andre.celina@gatling.test
Aubry,Aimée,404964,1979-04-13,aubry.aimee@gatling.test
Verdier,Maryse,589046,1981-10-23,verdier.maryse@gatling.test
Briand,Agathe,89760,2001-02-13,briand.agathe@gatling.test
Daniel,Henri,293142,1970-09-16,daniel.henri@gatling.test
Fleury,Olivier,375420,1986-03-11,fleury.olivier@gatling.test
François,Stéphane,733007,1965-04-26,francois.stephane@gatling.test
Hebert,Georges,47956,1992-06-28,hebert.georges@gatling.test
Vasseur,Éléonore,887607,2001-04-27,vasseur.eleonore@gatling.test
Georges,Émile,701514,1999-05-04,georges.emile@gatling.test
Mace,Margaret,55164,1986-11-25,mace.margaret@gatling.test
Dupont,Margaud,880965,1990-08-09,dupont.margaud@gatling.test
Colin,Zoé,614137,1994-03-14,colin.zoe@gatling.test
Lamy,Patrick,684919,1970-03-12,lamy.patrick@gatling.test
Rossi,Pierre,783144,1992-09-08,rossi.pierre@gatling.test
Joly,Hélène,592654,1984-10-26,joly.helene@gatling.test
Tessier,Martine,562746,1967-10-11,tessier.martine@gatling.test
Pinto,Émile,840619,1969-04-13,pinto.emile@gatling.test
Hebert,Anouk,677291,1976-09-08,hebert.anouk@gatling.test
Lévêque,Suzanne,498288,1989-06-16,leveque.suzanne@gatling.test
Chauvin,Jeannine,742762,1992-08-24,chauvin.jeannine@gatling.test
Picard,Lucie,169411,1986-02-14,picard.lucie@gatling.test
Prévost,Jean,479402,1972-01-14,prevost.jean@gatling.test
Thierry,Maggie,513937,1966-05-21,thierry.maggie@gatling.test
Chauvin,Andrée,739644,1970-09-16,chauvin.andree@gatling.test
Lévy,Édouard,475928,1986-02-22,levy.edouard@gatling.test
Klein,Henriette,961448,1995-03-16,klein.henriette@gatling.test
Antoine,Paul,501958,1974-06-01,antoine.paul@gatling.test
Adam,Laure,294324,1976-01-18,adam.laure@gatling.test
Valentin,Margaux,221713,1986-07-01,valentin.margaux@gatling.test
Fournier,Augustin,682249,1986-12-19,fournier.augustin@gatling.test
Rey,Guy,416881,1988-05-25,rey.guy@gatling.test
Turpin,Suzanne,737943,1966-11-08,turpin.suzanne@gatling.test
Benoit,Anaïs,661834,1969-05-12,benoit.anais@gatling.test
Pruvost,Véronique,63797,1979-03-23,pruvost.veronique@gatling.test
Collet,Noël,664296,2000-03-20,collet.noel@gatling.test
Parent,Henri,485786,1967-06-11,parent.henri@gatling.test
Poirier,Roland,97596,1977-05-15,poirier.roland@gatling.test
Gros,Monique,220665,1978-10-21,gros.monique@gatling.test
Leleu,Audrey,232793,1988-07-09,leleu.audrey@gatling.test
Duhamel,Matthieu,682846,2002-03-22,duhamel.matthieu@gatling.test
Maurice,Paulette,303002,1970-09-04,maurice.paulette@gatling.test
Morel,Xavier,97208,1970-07-18,morel.xavier@gatling.test
Merle,Simone,202255,1971-06-24,merle.simone@gatling.test
Mary,Corinne,641218,1997-08-11,mary.corinne@gatling.test
Lelièvre,Chantal,616419,1986-03-16,lelievre.chantal@gatling.test
Ferrand,Caroline,557779,1999-04-08,ferrand.caroline@gatling.test
Jacquot,Xavier,496472,1997-07-01,jacquot.xavier@gatling.test
Traore,Dominique,871555,1967-05-14,traore.dominique@gatling.test
Lefèvre,Élise,594836,1985-05-01,lefevre.elise@gatling.test
Pasquier,Isaac,835610,1994-10-29,pasquier.isaac@gatling.test
Bonnet,Auguste,374624,1973-02-02,bonnet.auguste@gatling.test
Rousset,Henriette,741527,1975-05-25,rousset.henriette@gatling.test
Goncalves,Aurore,953271,1996-07-29,goncalves.aurore@gatling.test
Gillet,Pierre,479430,1993-06-22,gillet.pierre@gatling.test
Neveu,Anouk,115713,1991-09-14,neveu.anouk@gatling.test
Bègue,Madeleine,387661,1984-10-28,begue.madeleine@gatling.test
Labbé,Éric,368568,1967-07-29,labbe.eric@gatling.test
Martinez,Philippine,554602,1998-04-10,martinez.philippine@gatling.test
Roussel,Julien,48677,1981-10-05,roussel.julien@gatling.test
Boyer,Anastasie,220715,1993-07-31,boyer.anastasie@gatling.test
Gosselin,Luce,329596,1984-02-07,gosselin.luce@gatling.test
Verdier,Rémy,105124,1986-01-29,verdier.remy@gatling.test
Dumas,Isabelle,817736,1996-11-25,dumas.isabelle@gatling.test
Perrot,Laetitia,761810,1965-12-01,perrot.laetitia@gatling.test
Hervé,Denise,417571,1995-04-03,herve.denise@gatling.test
Morvan,Eugène,651616,1969-10-11,morvan.eugene@gatling.test
Potier,Jean,383128,1985-11-15,potier.jean@gatling.test
Gaudin,Agathe,757366,1967-11-12,gaudin.agathe@gatling.test
Leleu,Franck,182196,1978-09-04,leleu.franck@gatling.test
Meunier,Marie,665796,1980-05-16,meunier.marie@gatling.test
Rousseau,Marianne,59745,1981-07-26,rousseau.marianne@gatling.test
Turpin,Margot,520824,1976-06-17,turpin.margot@gatling.test
Roy,Inès,694112,1973-03-05,roy.ines@gatling.test
Grégoire,Audrey,184823,1989-02-22,gregoire.audrey@gatling.test
Barbe,Josette,164410,1990-01-06,barbe.josette@gatling.test
Dufour,Hélène,99867,1967-10-07,dufour.helene@gatling.test
Lacroix,Camille,21810,1967-05-18,lacroix.camille@gatling.test
Poulain,Élisabeth,248222,1972-09-03,poulain.elisabeth@gatling.test
Richard,Alex,570176,1972-05-04,richard.alex@gatling.test
Marchal,Monique,534975,1999-10-14,marchal.monique@gatling.test
Rodrigues,Hélène,826523,2000-03-01,rodrigues.helene@gatling.test
Guillaume,Eugène,965748,1976-03-17,guillaume.eugene@gatling.test
Grondin,Vincent,536366,1972-04-12,grondin.vincent@gatling.test
Meyer,Stéphane,19676,1986-12-01,meyer.stephane@gatling.test
Leroy,Jérôme,764092,1975-09-14,leroy.jerome@gatling.test
Hamon,Matthieu,190640,1970-03-09,hamon.matthieu@gatling.test
Rodriguez,Nathalie,939910,1990-02-19,rodriguez.nathalie@gatling.test
Le Roux,Alain,204366,1990-08-10,le roux.alain@gatling.test
Baudry,Juliette,78114,1992-07-28,baudry.juliette@gatling.test
Delahaye,Martin,70541,1997-01-20,delahaye.martin@gatling.test
Nicolas,Patricia,274123,1969-08-14,nicolas.patricia@gatling.test
Guyon,Joseph,303782,1983-06-17,guyon.joseph@gatling.test
Legendre,Martin,140916,1977-09-15,legendre.martin@gatling.test
Pierre,Aimée,710070,1978-12-16,pierre.aimee@gatling.test
Garnier,Julien,351259,2000-01-23,garnier.julien@gatling.test
Navarro,Thierry,737108,2000-03-23,navarro.thierry@gatling.test
Poulain,Timothée,173676,1969-12-18,poulain.timothee@gatling.test
Lebreton,Rémy,943547,1988-11-27,lebreton.remy@gatling.test
Guillon,Thibault,378838,1982-09-20,guillon.thibault@gatling.test
Lenoir,Benjamin,77404,1969-08-22,lenoir.benjamin@gatling.test
Gay,Caroline,229465,1982-10-30,gay.caroline@gatling.test
Louis,Nicole,712879,1973-12-17,louis.nicole@gatling.test
Legendre,Valérie,7826,1981-06-18,legendre.valerie@gatling.test
Jean,Jacqueline,640771,1968-05-10,jean.jacqueline@gatling.test
Gaillard,Maryse,857616,1981-09-26,gaillard.maryse@gatling.test
Tessier,Jules,440515,2002-09-27,tessier.jules@gatling.test
Marty,Stéphane,847878,1964-06-17,marty.stephane@gatling.test
Coste,Paulette,64320,1992-04-09,coste.paulette@gatling.test
Lejeune,Astrid,697151,1990-08-05,lejeune.astrid@gatling.test
Lecomte,Aimé,781839,1967-07-07,lecomte.aime@gatling.test
Gérard,Alphonse,386426,2001-08-07,gerard.alphonse@gatling.test
Marques,Marthe,589025,1978-06-08,marques.marthe@gatling.test
Breton,Bernadette,368376,2002-06-12,breton.bernadette@gatling.test
Lebon,Zacharie,784576,1990-07-06,lebon.zacharie@gatling.test
Lenoir,Franck,360585,1994-05-18,lenoir.franck@gatling.test
Lacroix,Jeanne,171318,1980-05-12,lacroix.jeanne@gatling.test
Mathieu,Édouard,88890,1981-10-18,mathieu.edouard@gatling.test
Lucas,Alexandrie,155638,1992-05-24,lucas.alexandrie@gatling.test
Perret,Luc,285090,1999-09-29,perret.luc@gatling.test
Rousset,Agathe,872291,1974-08-10,rousset.agathe@gatling.test
Lesage,Nathalie,153593,1974-08-27,lesage.nathalie@gatling.test
Marty,Emmanuel,557671,1996-01-31,marty.emmanuel@gatling.test
Perez,David,950847,2001-02-02,perez.david@gatling.test
Grondin,Margaret,700972,1970-09-25,grondin.margaret@gatling.test
Huet,Laurent,756569,1976-04-28,huet.laurent@gatling.test
Gallet,Alix,554955,1965-07-05,gallet.alix@gatling.test
Le Goff,Astrid,948048,2002-06-24,le goff.astrid@gatling.test
Lacombe,Philippe,427210,1980-10-28,lacombe.philippe@gatling.test
Paris,Roland,628965,1994-08-05,paris.roland@gatling.test
Boyer,Léon,395230,1982-04-18,boyer.leon@gatling.test
Boyer,Eugène,217633,1968-07-17,boyer.eugene@gatling.test
Seguin,Thierry,242520,1983-03-14,seguin.thierry@gatling.test
Peltier,Claire,63559,1979-04-01,peltier.claire@gatling.test
Dos Santos,Joseph,37678,1992-08-12,dos santos.joseph@gatling.test
Aubert,Renée,632758,2001-08-12,aubert.renee@gatling.test
Pasquier,Patricia,904536,1971-06-07,pasquier.patricia@gatling.test
Voisin,Claude,852653,1995-02-22,voisin.claude@gatling.test
Gay,Hugues,883405,1994-01-26,gay.hugues@gatling.test
Picard,Constance,786563,1997-03-26,picard.constance@gatling.test
Le Roux,Hélène,243868,1974-05-31,le roux.helene@gatling.test
Weber,Jules,937137,1966-03-21,weber.jules@gatling.test
Lamy,Noël,229858,1998-07-16,lamy.noel@gatling.test
Rodrigues,Roland,84117,1983-03-28,rodrigues.roland@gatling.test
Descamps,Stéphane,474494,1988-05-29,descamps.stephane@gatling.test
Nicolas,Bernard,507730,1965-03-01,nicolas.bernard@gatling.test
Diallo,Maurice,719514,1992-07-18,diallo.maurice@gatling.test
Hoarau,Lucy,270810,1967-12-26,hoarau.lucy@gatling.test
Jacob,Adrien,987260,1988-02-20,jacob.adrien@gatling.test
Peltier,Olivie,428063,1999-02-22,peltier.olivie@gatling.test
Delahaye,Luc,607015,1965-05-26,delahaye.luc@gatling.test
Renaud,Lucy,836333,1970-10-29,renaud.lucy@gatling.test
Chauveau,Anastasie,550214,1982-12-04,chauveau.anastasie@gatling.test
Bègue,Pierre,273555,1989-08-02,begue.pierre@gatling.test
Picard,Claudine,64141,1971-11-05,picard.claudine@gatling.test
Lucas,Zacharie,384956,1998-04-19,lucas.zacharie@gatling.test
Humbert,Guillaume,710486,1998-01-24,humbert.guillaume@gatling.test
Mahe,Adélaïde,243668,1966-11-22,mahe.adelaide@gatling.test
Girard,Margaret,638844,1990-08-02,girard.margaret@gatling.test
Reynaud,Christiane,453086,1973-12-13,reynaud.christiane@gatling.test
Regnier,Christelle,956133,2000-05-02,regnier.christelle@gatling.test
Pelletier,Chantal,811173,1970-05-07,pelletier.chantal@gatling.test
Lebon,Margaux,586243,1980-03-12,lebon.margaux@gatling.test
Fleury,Roland,439476,1971-04-13,fleury.roland@gatling.test
Legrand,Françoise,723052,1966-02-28,legrand.francoise@gatling.test
Grondin,Thierry,340401,1974-03-27,grondin.thierry@gatling.test
Faure,Joséphine,416811,1975-10-02,faure.josephine@gatling.test
Fouquet,Lucas,87856,1979-03-22,fouquet.lucas@gatling.test
Boyer,Isaac,862585,1996-12-10,boyer.isaac@gatling.test
Carlier,Martin,112328,1982-04-06,carlier.martin@gatling.test
Grenier,Charlotte,43409,1981-03-01,grenier.charlotte@gatling.test
Leleu,Thérèse,348479,1970-06-21,leleu.therese@gatling.test
Becker,Daniel,45996,1965-11-05,becker.daniel@gatling.test
Baudry,Caroline,847197,1986-04-29,baudry.caroline@gatling.test
Alves,Lorraine,480633,1990-08-07,alves.lorraine@gatling.test
Leleu,Stéphane,179944,1965-03-31,leleu.stephane@gatling.test
Chauvin,Virginie,651161,1986-09-02,chauvin.virginie@gatling.test
Bonneau,Suzanne,462404,1999-12-03,bonneau.suzanne@gatling.test
Martin,Clémence,572591,1966-06-18,martin.clemence@gatling.test
Dos Santos,Stéphanie,773941,1985-08-06,dos santos.stephanie@gatling.test
Hubert,Christiane,843688,1992-12-08,hubert.christiane@gatling.test
Le Goff,Jérôme,95662,1992-12-11,le goff.jerome@gatling.test
Aubry,Alexandrie,278214,1988-02-16,aubry.alexandrie@gatling.test
Samson,Margot,113677,1994-06-25,samson.margot@gatling.test
Roussel,René,33887,1973-04-25,roussel.rene@gatling.test
Courtois,Amélie,690175,1995-10-18,courtois.amelie@gatling.test
Gimenez,Cécile,593015,1988-07-23,gimenez.cecile@gatling.test
Lenoir,Louise,687708,1967-01-13,lenoir.louise@gatling.test
Michel,Margot,283358,1984-09-28,michel.margot@gatling.test
Jacques,Gabrielle,787390,1976-06-17,jacques.gabrielle@gatling.test
Rossi,Josette,616244,2001-10-20,rossi.josette@gatling.test
Guilbert,Andrée,604831,2003-01-12,guilbert.andree@gatling.test
Le Goff,Robert,522212,1973-12-29,le goff.robert@gatling.test
Alves,Philippe,215616,1983-05-28,alves.philippe@gatling.test
Brunel,Alix,133969,1976-12-05,brunel.alix@gatling.test
Reynaud,Antoinette,509606,2000-01-04,reynaud.antoinette@gatling.test
Texier,Henri,275958,1991-03-10,texier.henri@gatling.test
Collet,Richard,470482,1979-05-26,collet.richard@gatling.test
Gillet,Alexandrie,853493,1972-11-22,gillet.alexandrie@gatling.test
Guyon,Jacques,344122,1975-12-20,guyon.jacques@gatling.test
Letellier,Nicole,251978,1973-12-23,letellier.nicole@gatling.test
Joly,René,628169,1978-08-06,joly.rene@gatling.test
Coulon,Bernadette,854889,1990-12-28,coulon.bernadette@gatling.test
Rousseau,Thibaut,671843,1998-07-26,rousseau.thibaut@gatling.test
Allard,Maggie,67569,1982-09-09,allard.maggie@gatling.test
Marion,Nicole,430015,2000-07-22,marion.nicole@gatling.test
Mendès,Hugues,502079,1966-10-08,mendes.hugues@gatling.test
Tessier,Cécile,791753,1988-10-27,tessier.cecile@gatling.test
Charpentier,Léon,117438,1984-02-03,charpentier.leon@gatling.test
Hebert,Valentine,477163,1975-12-24,hebert.valentine@gatling.test
Gérard,François,303863,1984-03-19,gerard.francois@gatling.test
Hoarau,Alphonse,820888,1995-03-04,hoarau.alphonse@gatling.test
Fernandez,Jérôme,324145,1998-01-13,fernandez.jerome@gatling.test
Lacroix,Franck,280727,1973-01-10,lacroix.franck@gatling.test
Letellier,Céline,759355,1987-11-23,letellier.celine@gatling.test
Marion,Théodore,224925,1979-03-14,marion.theodore@gatling.test
Regnier,Thibault,741750,1984-03-20,regnier.thibault@gatling.test
Vidal,Christiane,818363,1970-11-12,vidal.christiane@gatling.test
Jacquot,Raymond,163762,1988-06-08,jacquot.raymond@gatling.test
Durand,Valérie,801395,2002-08-31,durand.valerie@gatling.test
Roussel,Philippe,686994,1964-11-03,roussel.philippe@gatling.test
Marie,Henriette,94144,1994-03-24,marie.henriette@gatling.test
Torres,Jérôme,125458,1971-10-06,torres.jerome@gatling.test
Gomes,Olivier,388444,1992-01-29,gomes.olivier@gatling.test
Allard,Danielle,59827,1978-06-10,allard.danielle@gatling.test
Girard,Jeannine,519596,1989-04-04,girard.jeannine@gatling.test
Godard,André,261425,2002-10-06,godard.andre@gatling.test
Texier,Alex,314682,1979-07-29,texier.alex@gatling.test
Seguin,Inès,765421,1985-07-10,seguin.ines@gatling.test
Dufour,Hugues,907083,1964-10-08,dufour.hugues@gatling.test
Gaillard,Geneviève,283661,1993-09-21,gaillard.genevieve@gatling.test
Navarro,Marthe,620960,1992-06-20,navarro.marthe@gatling.test
Guichard,Patrick,369520,1964-10-22,guichard.patrick@gatling.test
Paul,Élodie,468396,1996-07-06,paul.elodie@gatling.test
Gaudin,Christophe,233090,1975-08-01,gaudin.christophe@gatling.test
Paul,Nathalie,206631,1982-04-24,paul.nathalie@gatling.test
Benoit,Zoé,352367,1970-01-29,benoit.zoe@gatling.test
Schneider,René,972525,2000-08-21,schneider.rene@gatling.test
Caron,Sabine,241528,1998-12-30,caron.sabine@gatling.test
Voisin,Gilbert,615843,1985-03-28,voisin.gilbert@gatling.test
Lamy,Sébastien,623415,1997-06-28,lamy.sebastien@gatling.test
Garcia,Zacharie,918525,1990-03-30,garcia.zacharie@gatling.test
Rocher,André,459719,1972-02-17,rocher.andre@gatling.test
Delaunay,Charlotte,508975,1974-09-09,delaunay.charlotte@gatling.test
Leroux,Nicolas,108285,1987-05-14,leroux.nicolas@gatling.test
Martineau,Lorraine,182096,1965-01-27,martineau.lorraine@gatling.test
Lemaître,Laurent,564381,1992-04-01,lemaitre.laurent@gatling.test
Raynaud,Anouk,422870,1993-03-06,raynaud.anouk@gatling.test
Jacquet,Richard,537078,1965-07-27,jacquet.richard@gatling.test
Tanguy,Dominique,325331,1966-06-15,tanguy.dominique@gatling.test
Rolland,Célina,230228,1980-11-20,rolland.celina@gatling.test
Hoarau,Adrienne,114539,1967-10-14,hoarau.adrienne@gatling.test
Lemoine,Stéphane,932157,1985-10-18,lemoine.stephane@gatling.test
Leclercq,Nicole,40874,1966-11-21,leclercq.nicole@gatling.test
Berger,Élodie,606178,1980-01-31,berger.elodie@gatling.test
Meyer,Claude,434983,1996-08-17,meyer.claude@gatling.test
Rossi,Émile,93464,1999-03-28,rossi.emile@gatling.test
Merle,Agnès,947806,1999-07-14,merle.agnes@gatling.test
Prévost,Lucy,948514,1982-01-05,prevost.lucy@gatling.test
Roger,Lorraine,547490,1989-01-03,roger.lorraine@gatling.test
Perrot,Danielle,804413,1993-02-27,perrot.danielle@gatling.test
Mathieu,Diane,858719,1973-12-04,mathieu.diane@gatling.test
Lefort,Robert,169442,1987-12-23,lefort.robert@gatling.test
Vincent,Odette,665896,1981-12-18,vincent.odette@gatling.test
Blondel,Hortense,929627,1993-01-23,blondel.hortense@gatling.test
Dupuis,Pénélope,750247,1985-03-31,dupuis.penelope@gatling.test
Deschamps,Marthe,405030,1969-05-27,deschamps.marthe@gatling.test
Blot,Grégoire,107084,1969-09-03,blot.gregoire@gatling.test
Baron,Madeleine,330111,2000-09-29,baron.madeleine@gatling.test
Guilbert,Stéphane,799390,1969-02-21,guilbert.stephane@gatling.test
Loiseau,Honoré,983358,1986-04-08,loiseau.honore@gatling.test
Vaillant,Agnès,508734,1998-06-30,vaillant.agnes@gatling.test
Bousquet,Catherine,673693,2001-08-26,bousquet.catherine@gatling.test
Devaux,Bertrand,709030,1994-09-14,devaux.bertrand@gatling.test
Meyer,Pierre,124116,1995-07-02,meyer.pierre@gatling.test
Fischer,Matthieu,708415,1987-02-06,fischer.matthieu@gatling.test
Renaud,Gilbert,538661,1999-05-29,renaud.gilbert@gatling.test
Jacquet,René,753511,1997-10-09,jacquet.rene@gatling.test
Lemaire,Denis,963465,1984-10-09,lemaire.denis@gatling.test
Rivière,Adrienne,320001,1968-07-30,riviere.adrienne@gatling.test
Guyot,Agathe,910036,1988-04-04,guyot.agathe@gatling.test
Le Gall,Susanne,225746,1978-06-28,le gall.susanne@gatling.test
Richard,Noémi,380477,1989-01-11,richard.noemi@gatling.test
Parent,Victoire,676034,1966-03-07,parent.victoire@gatling.test
Menard,Thierry,175409,1991-06-02,menard.thierry@gatling.test
Descamps,Maggie,978993,1968-03-25,descamps.maggie@gatling.test
Noël,Stéphane,287485,1999-12-04,noel.stephane@gatling.test
Gillet,Grégoire,769349,1989-12-11,gillet.gregoire@gatling.test
Bouchet,Auguste,911915,1995-11-12,bouchet.auguste@gatling.test
Paul,Denis,160484,1983-04-30,paul.denis@gatling.test
Bouchet,Michelle,129875,1997-08-15,bouchet.michelle@gatling.test
Pinto,Benoît,5958,2002-03-02,pinto.benoit@gatling.test
Maurice,Catherine,113159,1986-07-25,maurice.catherine@gatling.test
Roussel,Émile,701820,1968-02-25,roussel.emile@gatling.test
Clerc,Marthe,168314,1975-12-24,clerc.marthe@gatling.test
Jacquet,William,267595,1981-03-12,jacquet.william@gatling.test
Vallée,François,67150,1983-12-23,vallee.francois@gatling.test
Besnard,Denise,583290,1981-09-27,besnard.denise@gatling.test
Poulain,Laetitia,785148,1978-12-18,poulain.laetitia@gatling.test
Fontaine,Philippine,510613,1983-05-05,fontaine.philippine@gatling.test
Lefèvre,Brigitte,603295,1971-08-20,lefevre.brigitte@gatling.test
Cousin,Manon,148655,1972-02-29,cousin.manon@gatling.test
Valette,Chantal,887078,1999-11-12,valette.chantal@gatling.test
Lucas,Édouard,900849,1992-10-23,lucas.edouard@gatling.test
Muller,Adèle,356998,1970-03-17,muller.adele@gatling.test
Pascal,Odette,734195,1983-07-11,pascal.odette@gatling.test
Poulain,Tristan,455076,1964-04-28,poulain.tristan@gatling.test
Olivier,Jacqueline,648382,2000-10-15,olivier.jacqueline@gatling.test
Gérard,Aurore,882539,1990-05-07,gerard.aurore@gatling.test
Benard,Agnès,572278,1974-12-12,benard.agnes@gatling.test
Mahe,Alice,908204,1993-10-27,mahe.alice@gatling.test
Laurent,Paulette,764787,2000-04-01,laurent.paulette@gatling.test
Alves,Sabine,878967,1974-08-26,alves.sabine@gatling.test
Le Gall,Marie,585915,2000-03-07,le gall.marie@gatling.test
Marin,Clémence,281025,1978-11-30,marin.clemence@gatling.test
Mace,Nicole,522123,2002-04-01,mace.nicole@gatling.test
Guillet,Michel,757912,1965-03-05,guillet.michel@gatling.test
Guillot,Anastasie,966630,1964-04-09,guillot.anastasie@gatling.test
Gallet,Célina,728365,2001-04-15,gallet.celina@gatling.test
Adam,Joséphine,104792,1970-05-03,adam.josephine@gatling.test
Ferreira,Bernard,191632,1970-01-16,ferreira.bernard@gatling.test
Lebon,Julie,14163,1976-03-14,lebon.julie@gatling.test
Blanchard,Simone,135180,1972-06-20,blanchard.simone@gatling.test
Hoarau,Henriette,834898,1994-05-24,hoarau.henriette@gatling.test
Lemaître,Suzanne,111198,1975-04-13,lemaitre.suzanne@gatling.test
Clerc,Agnès,393804,1990-05-23,clerc.agnes@gatling.test
Toussaint,Timothée,355073,2002-11-08,toussaint.timothee@gatling.test
Delmas,Hélène,611776,1976-04-13,delmas.helene@gatling.test
Leleu,Adrienne,827741,2001-11-26,leleu.adrienne@gatling.test
Lejeune,Édith,995340,1995-02-11,lejeune.edith@gatling.test
Aubry,Arnaude,842186,1982-08-09,aubry.arnaude@gatling.test
Dias,Maurice,40319,1999-02-21,dias.maurice@gatling.test
Turpin,Alphonse,25833,1994-06-11,turpin.alphonse@gatling.test
Legrand,Gabriel,54430,1996-09-29,legrand.gabriel@gatling.test
Charrier,Joséphine,829347,1996-10-12,charrier.josephine@gatling.test
Olivier,André,290980,1977-08-24,olivier.andre@gatling.test
Hebert,Laure,356343,1982-09-27,hebert.laure@gatling.test
Giraud,Théophile,339538,1993-09-14,giraud.theophile@gatling.test
Carlier,Éric,863377,1985-06-21,carlier.eric@gatling.test
Roy,Monique,560729,1975-09-22,roy.monique@gatling.test
Marin,André,352431,1978-01-10,marin.andre@gatling.test
Pasquier,Grégoire,381476,1978-01-26,pasquier.gregoire@gatling.test
Potier,Roger,703174,1991-12-24,potier.roger@gatling.test
Lucas,Danielle,934268,1967-06-17,lucas.danielle@gatling.test
Bouvet,Mathilde,278227,1985-01-09,bouvet.mathilde@gatling.test
Voisin,Bernadette,233162,1969-01-01,voisin.bernadette@gatling.test
Bernier,Stéphane,259146,1980-02-13,bernier.stephane@gatling.test
Ruiz,Alain,165363,1988-04-09,ruiz.alain@gatling.test
Becker,Charles,445219,1986-10-19,becker.charles@gatling.test
Grégoire,Laurent,449111,1968-10-21,gregoire.laurent@gatling.test
Valentin,Émile,653180,1984-01-29,valentin.emile@gatling.test
Poirier,Lucas,4876,1986-07-22,poirier.lucas@gatling.test
Ribeiro,Inès,600088,1990-06-09,ribeiro.ines@gatling.test
Laurent,Océane,338578,2000-09-04,laurent.oceane@gatling.test
Camus,Étienne,746557,1981-10-08,camus.etienne@gatling.test
Blondel,Susan,664181,1998-06-15,blondel.susan@gatling.test
Gay,Aimé,104210,1966-10-22,gay.aime@gatling.test
Brun,Suzanne,142303,1970-12-20,brun.suzanne@gatling.test
Blanchard,Henriette,230269,1982-04-26,blanchard.henriette@gatling.test
Torres,Richard,710780,2001-05-19,torres.richard@gatling.test
Besnard,Benjamin,102910,1985-03-19,besnard.benjamin@gatling.test
Diaz,Margot,239630,1964-08-16,diaz.margot@gatling.test
Cordier,Richard,258678,1994-03-05,cordier.richard@gatling.test
Laine,Suzanne,936308,1974-12-07,laine.suzanne@gatling.test
Cordier,Manon,920845,1981-02-24,cordier.manon@gatling.test
Rey,Constance,254576,1984-08-26,rey.constance@gatling.test
Pons,Geneviève,697981,1981-06-29,pons.genevieve@gatling.test
Leclerc,Paulette,339144,1978-04-05,leclerc.paulette@gatling.test
Maurice,Anne,671539,1997-04-04,maurice.anne@gatling.test
Bègue,Gabrielle,306573,1998-07-08,begue.gabrielle@gatling.test
Bouvet,Manon,471265,1977-10-07,bouvet.manon@gatling.test
Ruiz,Jacques,64856,1994-07-01,ruiz.jacques@gatling.test
Verdier,Isabelle,828046,1984-07-25,verdier.isabelle@gatling.test
Picard,Martine,117194,2000-06-14,picard.martine@gatling.test
Merle,Martin,996673,1997-04-01,merle.martin@gatling.test
Albert,Dominique,852458,1979-01-24,albert.dominique@gatling.test
Guyot,Anaïs,766773,1968-11-23,guyot.anais@gatling.test
Raynaud,Henriette,456104,1984-08-10,raynaud.henriette@gatling.test
Weber,Thérèse,91886,1993-06-02,weber.therese@gatling.test
Lecomte,Raymond,65721,1997-10-27,lecomte.raymond@gatling.test
Schmitt,Laurence,791033,1972-09-03,schmitt.laurence@gatling.test
Duhamel,William,879189,1970-12-31,duhamel.william@gatling.test
Bernier,Renée,656590,1968-01-19,bernier.renee@gatling.test
Sanchez,Jeanne,999558,1972-09-06,sanchez.jeanne@gatling.test
Masson,Madeleine,30694,1977-12-19,masson.madeleine@gatling.test
Bodin,Georges,688410,1989-04-13,bodin.georges@gatling.test
Blot,Aimé,910534,1997-06-08,blot.aime@gatling.test
Royer,Lucas,854610,1982-11-01,royer.lucas@gatling.test
Prévost,Jeanne,953567,1985-04-04,prevost.jeanne@gatling.test
Lefort,Benjamin,532656,1975-10-01,lefort.benjamin@gatling.test
Vincent,Claude,427267,1988-01-22,vincent.claude@gatling.test
Bertrand,Gabrielle,29083,1987-01-05,bertrand.gabrielle@gatling.test
Leduc,Zacharie,138870,1983-01-31,leduc.zacharie@gatling.test
Jean,Aurore,441385,1977-04-24,jean.aurore@gatling.test
Chartier,Frédéric,457377,1973-01-25,chartier.frederic@gatling.test
Guillon,Alain,915181,1965-10-01,guillon.alain@gatling.test
Pineau,Isabelle,638239,1990-08-16,pineau.isabelle@gatling.test
Rolland,Luc,779514,1975-10-12,rolland.luc@gatling.test
Prévost,Élise,608027,1968-01-29,prevost.elise@gatling.test
Dias,Pénélope,184430,1993-01-15,dias.penelope@gatling.test
Mahe,Jeanne,217952,1992-10-21,mahe.jeanne@gatling.test
Laine,Charlotte,153454,1994-09-01,laine.charlotte@gatling.test
Joseph,Édouard,932057,1989-03-13,joseph.edouard@gatling.test
Vallée,Guy,618774,1978-09-19,vallee.guy@gatling.test
Duhamel,Maggie,675404,1997-09-09,duhamel.maggie@gatling.test
Clément,Virginie,530457,1968-01-15,clement.virginie@gatling.test
Lombard,Marguerite,276543,1977-11-22,lombard.marguerite@gatling.test
Benoit,Diane,673276,1967-04-28,benoit.diane@gatling.test
Garnier,Arthur,346172,1994-11-02,garnier.arthur@gatling.test
Hardy,Auguste,467791,1999-08-22,hardy.auguste@gatling.test
Laporte,Thierry,475291,1996-09-08,laporte.thierry@gatling.test
Peltier,Manon,141282,1988-08-31,peltier.manon@gatling.test
Guyon,Pauline,741042,1967-08-06,guyon.pauline@gatling.test
Vincent,David,461081,1969-10-19,vincent.david@gatling.test
Julien,David,246297,1984-05-10,julien.david@gatling.test
Pichon,Christophe,5096,1970-08-29,pichon.christophe@gatling.test
Descamps,Étienne,214829,1982-11-10,descamps.etienne@gatling.test
Hoarau,Amélie,308980,1992-10-04,hoarau.amelie@gatling.test
Dos Santos,Célina,731921,1987-10-03,dos santos.celina@gatling.test
Goncalves,Aurélie,275062,1988-08-21,goncalves.aurelie@gatling.test
Vaillant,Timothée,251796,1965-05-11,vaillant.timothee@gatling.test
Besnard,Clémence,640355,1965-02-13,besnard.clemence@gatling.test
Poirier,Josette,675123,1991-03-16,poirier.josette@gatling.test
Gay,Michelle,214203,1987-10-10,gay.michelle@gatling.test
Julien,Mathilde,516044,1997-08-22,julien.mathilde@gatling.test
Labbé,Anne,851604,1989-04-04,labbe.anne@gatling.test
Maury,Noémi,196310,1982-03-03,maury.noemi@gatling.test
Huet,Nicole,254327,1968-12-20,huet.nicole@gatling.test
Charpentier,Isabelle,991727,1992-05-03,charpentier.isabelle@gatling.test
Delorme,Robert,87479,1969-03-10,delorme.robert@gatling.test
Hoareau,Patrick,337532,2003-01-16,hoareau.patrick@gatling.test
Colas,Joseph,365156,1984-10-23,colas.joseph@gatling.test
Courtois,Manon,189062,1972-08-07,courtois.manon@gatling.test
Payet,Anaïs,388061,2000-04-30,payet.anais@gatling.test
Regnier,Arnaude,830202,1966-08-21,regnier.arnaude@gatling.test
Pineau,Éléonore,322399,1978-06-12,pineau.eleonore@gatling.test
Didier,Timothée,115853,1997-05-16,didier.timothee@gatling.test
Hervé,Nath,499236,1974-02-03,herve.nath@gatling.test
Olivier,Jules,737177,1984-06-25,olivier.jules@gatling.test
Munoz,Dorothée,786846,1999-01-12,munoz.dorothee@gatling.test
Renaud,Anne,743744,1999-06-11,renaud.anne@gatling.test
Thomas,Nathalie,646992,1965-12-05,thomas.nathalie@gatling.test
Faure,Martin,232714,1996-06-25,faure.martin@gatling.test
Delmas,Alix,705482,1972-03-07,delmas.alix@gatling.test
Delaunay,Maurice,760824,1974-06-06,delaunay.maurice@gatling.test
Le Gall,Alexandria,368550,1996-10-06,le gall.alexandria@gatling.test
Devaux,Frédéric,498814,1986-04-14,devaux.frederic@gatling.test
Pruvost,Philippine,404096,1999-05-21,pruvost.philippine@gatling.test
Fabre,Aurore,396610,1973-07-23,fabre.aurore@gatling.test
Buisson,Nathalie,229385,1977-03-28,buisson.nathalie@gatling.test
Normand,Philippe,932075,1964-06-05,normand.philippe@gatling.test
Mendès,Claire,202254,1966-03-11,mendes.claire@gatling.test
Blin,Marcel,629046,1987-08-31,blin.marcel@gatling.test
Bernier,Jacqueline,61996,1998-06-13,bernier.jacqueline@gatling.test
Charrier,Hugues,342483,1982-06-03,charrier.hugues@gatling.test
Paul,Alexandria,72980,1977-09-12,paul.alexandria@gatling.test
Pottier,Guy,571786,1966-03-15,pottier.guy@gatling.test
Simon,Patricia,583123,2001-04-24,simon.patricia@gatling.test
Gonzalez,Lucas,227593,1982-03-22,gonzalez.lucas@gatling.test
Riou,Suzanne,746457,1985-02-12,riou.suzanne@gatling.test
Diallo,Nicole,741767,1985-02-19,diallo.nicole@gatling.test
Bouchet,Marie,216383,1998-04-13,bouchet.marie@gatling.test
Maillard,Laetitia,136390,1964-11-11,maillard.laetitia@gatling.test
Vidal,Aurore,580106,1975-09-29,vidal.aurore@gatling.test
Lacroix,Benoît,896905,1971-07-25,lacroix.benoit@gatling.test
David,Madeleine,46439,1991-02-19,david.madeleine@gatling.test
Denis,Bernadette,634677,1980-05-03,denis.bernadette@gatling.test
Mace,Maggie,278711,1965-08-29,mace.maggie@gatling.test
Marin,Valentine,861661,1969-11-28,marin.valentine@gatling.test
Roger,Gérard,177595,1983-05-19,roger.gerard@gatling.test
Parent,Henriette,244612,1964-12-12,parent.henriette@gatling.test
Guillot,Adèle,574820,1971-01-20,guillot.adele@gatling.test
Bouchet,Zoé,352953,1999-04-09,bouchet.zoe@gatling.test
Ramos,Henriette,891994,2000-08-15,ramos.henriette@gatling.test
Mace,Anaïs,753746,1988-05-20,mace.anais@gatling.test
Allard,Henriette,704018,1980-06-21,allard.henriette@gatling.test
Valette,Hugues,324265,1976-06-17,valette.hugues@gatling.test
Besson,Alix,15659,1972-09-30,besson.alix@gatling.test
Rivière,Théodore,334854,1976-03-25,riviere.theodore@gatling.test
Colin,Georges,515799,1965-10-20,colin.georges@gatling.test
Lesage,Sophie,499601,1982-12-30,lesage.sophie@gatling.test
Chauvin,Jeannine,926801,1965-10-18,chauvin.jeannine@gatling.test
Humbert,Suzanne,588170,1966-04-07,humbert.suzanne@gatling.test
Leduc,Émile,452116,1981-11-29,leduc.emile@gatling.test
Colin,Valérie,389467,1997-11-30,colin.valerie@gatling.test
Allard,Matthieu,203880,1986-05-01,allard.matthieu@gatling.test
Boulanger,Benoît,760587,2002-05-05,boulanger.benoit@gatling.test
Gimenez,Christelle,77993,1990-08-05,gimenez.christelle@gatling.test
Clément,Édith,215446,1975-11-23,clement.edith@gatling.test
Lagarde,Victoire,634363,1993-01-26,lagarde.victoire@gatling.test
Rémy,Christiane,874018,1991-09-21,remy.christiane@gatling.test
Turpin,Thibault,600141,1998-12-02,turpin.thibault@gatling.test
Chrétien,Aimé,283201,1978-04-06,chretien.aime@gatling.test
Raymond,Gilbert,686083,1998-12-05,raymond.gilbert@gatling.test
Lévy,Roger,280126,1978-12-22,levy.roger@gatling.test
Germain,Agathe,31831,1997-01-28,germain.agathe@gatling.test
Le Gall,Maurice,333782,1973-09-14,le gall.maurice@gatling.test
Cohen,Marie,175817,1978-04-19,cohen.marie@gatling.test
Auger,Geneviève,582123,1981-10-06,auger.genevieve@gatling.test
Arnaud,Roger,565361,1968-05-27,arnaud.roger@gatling.test
Baron,Anne,864389,1979-09-26,baron.anne@gatling.test
Julien,Roger,295874,1998-11-27,julien.roger@gatling.test
Lefort,Élisabeth,703338,1992-12-21,lefort.elisabeth@gatling.test
Grondin,Antoine,156313,1979-08-17,grondin.antoine@gatling.test
Rivière,Bernadette,845040,1976-06-25,riviere.bernadette@gatling.test
Humbert,Denis,246203,1974-01-05,humbert.denis@gatling.test
Labbé,Jules,266683,1973-09-11,labbe.jules@gatling.test
Benard,Dominique,361770,1965-12-02,benard.dominique@gatling.test
Royer,Renée,757058,2001-04-15,royer.renee@gatling.test
Grenier,Philippine,630417,1986-10-15,grenier.philippine@gatling.test
Mahe,Valentine,661026,1966-04-22,mahe.valentine@gatling.test
Pichon,Grégoire,464479,1989-11-09,pichon.gregoire@gatling.test
Noël,Camille,914514,1981-12-24,noel.camille@gatling.test
Prévost,Jérôme,663758,1985-04-17,prevost.jerome@gatling.test
De Sousa,Guy,424099,1973-06-12,de sousa.guy@gatling.test
Leroux,Aurore,238623,1969-09-10,leroux.aurore@gatling.test
Lefebvre,André,274499,2001-10-08,lefebvre.andre@gatling.test
Turpin,Marguerite,4190,1974-04-24,turpin.marguerite@gatling.test
Vaillant,Paul,103976,1967-09-24,vaillant.paul@gatling.test
Rémy,Maggie,247056,1977-06-11,remy.maggie@gatling.test
Marchal,Jeannine,735496,1970-03-06,marchal.jeannine@gatling.test
Lecomte,Patricia,86113,1998-08-07,lecomte.patricia@gatling.test
Henry,Tristan,195390,1997-08-31,henry.tristan@gatling.test
Colas,Aimé,255808,1971-04-22,colas.aime@gatling.test
Georges,Manon,573885,1987-09-29,georges.manon@gatling.test
Rossi,Adrien,234100,2002-09-28,rossi.adrien@gatling.test
Boutin,Dominique,812090,1988-11-03,boutin.dominique@gatling.test
Leblanc,Virginie,425089,1999-06-08,leblanc.virginie@gatling.test
Bourgeois,Cécile,96449,1981-08-22,bourgeois.cecile@gatling.test
Barbe,Laurent,444084,1984-09-04,barbe.laurent@gatling.test
Paul,Claudine,511096,1992-09-03,paul.claudine@gatling.test
Brunel,Sophie,344906,2001-11-18,brunel.sophie@gatling.test
Lelièvre,Margaud,242536,1966-02-11,lelievre.margaud@gatling.test
Faivre,Auguste,620043,1994-05-16,faivre.auguste@gatling.test
Leblanc,Inès,457206,2000-03-18,leblanc.ines@gatling.test
Marty,Nathalie,124255,1994-09-22,marty.nathalie@gatling.test
Rousseau,Maryse,361639,1995-09-07,rousseau.maryse@gatling.test
Pelletier,Danielle,565557,1970-12-26,pelletier.danielle@gatling.test
Pineau,Jacqueline,495917,1967-10-08,pineau.jacqueline@gatling.test
Tessier,Juliette,43817,1986-01-24,tessier.juliette@gatling.test
Didier,Jeanne,402925,1974-04-24,didier.jeanne@gatling.test
Blanc,Renée,410997,1968-05-27,blanc.renee@gatling.test
Petit,Daniel,404408,1965-09-04,petit.daniel@gatling.test
Carlier,Élise,336497,2001-05-13,carlier.elise@gatling.test
Pruvost,Bernadette,673237,1994-11-13,pruvost.bernadette@gatling.test
Martins,Véronique,950903,1984-12-16,martins.veronique@gatling.test
Jacquet,Stéphanie,891510,1996-08-31,jacquet.stephanie@gatling.test
Dias,Michelle,286942,1995-09-08,dias.michelle@gatling.test
Boulay,Henriette,331814,1965-08-23,boulay.henriette@gatling.test
Voisin,William,766180,1982-04-13,voisin.william@gatling.test
Hardy,Valentine,969107,1981-04-04,hardy.valentine@gatling.test
Tanguy,Tristan,656712,2001-12-06,tanguy.tristan@gatling.test
Perrot,Théodore,74772,1996-11-16,perrot.theodore@gatling.test
Loiseau,Augustin,804913,1981-04-17,loiseau.augustin@gatling.test
Mallet,Astrid,231818,1972-09-18,mallet.astrid@gatling.test
Berthelot,Corinne,276273,1987-09-12,berthelot.corinne@gatling.test
Pascal,Nathalie,866955,1969-02-01,pascal.nathalie@gatling.test
Vallée,Lucas,543403,1979-11-28,vallee.lucas@gatling.test
Rossi,Isabelle,350716,1989-08-30,rossi.isabelle@gatling.test
Mary,Laetitia,509752,1971-05-10,mary.laetitia@gatling.test
Le Roux,Olivie,691146,1981-06-25,le roux.olivie@gatling.test
Imbert,Théophile,267792,1973-07-22,imbert.theophile@gatling.test
Weiss,Noémi,804799,1997-06-12,weiss.noemi@gatling.test
Lucas,Hugues,770502,1981-01-29,lucas.hugues@gatling.test
Muller,Théodore,531778,1989-03-24,muller.theodore@gatling.test
Grégoire,Louis,855400,1977-03-09,gregoire.louis@gatling.test
Bertrand,Nathalie,174277,1988-04-16,bertrand.nathalie@gatling.test
Masse,Honoré,577612,1988-03-15,masse.honore@gatling.test
Marie,Louis,680580,1996-11-15,marie.louis@gatling.test
Pages,Maurice,505889,1993-09-17,pages.maurice@gatling.test
Marques,Maurice,195493,1994-09-17,marques.maurice@gatling.test
Hamon,Robert,612060,1983-11-09,hamon.robert@gatling.test
Fouquet,Joseph,951966,1983-03-25,fouquet.joseph@gatling.test
Adam,Alice,347217,1969-06-27,adam.alice@gatling.test
Meunier,Maurice,530349,1997-03-13,meunier.maurice@gatling.test
Boucher,Arthur,601728,1983-03-27,boucher.arthur@gatling.test
Thomas,Paul,890852,1966-03-23,thomas.paul@gatling.test
Carre,Sébastien,423125,1996-07-01,carre.sebastien@gatling.test
Legrand,Victor,615461,1967-02-19,legrand.victor@gatling.test
Leblanc,Jacqueline,91913,1967-04-29,leblanc.jacqueline@gatling.test
Guillou,Brigitte,526476,1985-01-06,guillou.brigitte@gatling.test
Rossi,Aurélie,166163,1992-07-27,rossi.aurelie@gatling.test
Roger,Odette,627922,1991-11-17,roger.odette@gatling.test
Lopes,Marthe,825270,1976-04-18,lopes.marthe@gatling.test
Leroy,Patricia,371599,1968-05-17,leroy.patricia@gatling.test
Chartier,Catherine,97624,1974-10-11,chartier.catherine@gatling.test
Adam,Henri,878171,1997-04-14,adam.henri@gatling.test
Gomes,Olivier,981964,1990-08-31,gomes.olivier@gatling.test
Perrin,Thierry,478523,1986-12-10,perrin.thierry@gatling.test
Martin,Margaret,882698,1997-07-28,martin.margaret@gatling.test
Dumas,Denis,963092,1998-03-23,dumas.denis@gatling.test
Foucher,Odette,390940,1981-05-26,foucher.odette@gatling.test
Baudry,Anaïs,881475,1965-10-12,baudry.anais@gatling.test
Jean,Jérôme,966002,1991-08-19,jean.jerome@gatling.test
Techer,Vincent,194492,1971-02-06,techer.vincent@gatling.test
Ferreira,Luc,241612,1983-09-12,ferreira.luc@gatling.test
Lopez,Célina,485749,1999-03-02,lopez.celina@gatling.test
Julien,Corinne,90678,1970-12-16,julien.corinne@gatling.test
Robert,Denise,159848,2001-02-12,robert.denise@gatling.test
Jacob,Inès,110303,1970-10-04,jacob.ines@gatling.test
Roche,Patricia,896687,1968-12-24,roche.patricia@gatling.test
Gosselin,Aimée,597682,1998-11-15,gosselin.aimee@gatling.test
Humbert,Camille,752603,1979-02-05,humbert.camille@gatling.test
Ollivier,Chantal,284258,1988-04-03,ollivier.chantal@gatling.test
Meunier,Catherine,703299,1966-10-24,meunier.catherine@gatling.test
Menard,Marthe,239447,1994-08-17,menard.marthe@gatling.test
Pasquier,Édith,15178,2002-07-30,pasquier.edith@gatling.test
Barbier,Éric,735474,1988-02-04,barbier.eric@gatling.test
Godard,Théophile,729770,1990-07-07,godard.theophile@gatling.test
Da Costa,Jules,192794,1984-05-20,da costa.jules@gatling.test
Moreau,Roger,340876,1972-12-29,moreau.roger@gatling.test
Weiss,Marguerite,783381,1991-11-22,weiss.marguerite@gatling.test
Louis,Amélie,774346,1982-07-15,louis.amelie@gatling.test
Bertin,Jean,809838,1973-02-17,bertin.jean@gatling.test
Giraud,Tristan,578060,1968-03-29,giraud.tristan@gatling.test
Laporte,Olivier,22539,1999-04-10,laporte.olivier@gatling.test
Chartier,Anne,150524,1982-03-17,chartier.anne@gatling.test
Guyot,Victoire,796371,1989-08-09,guyot.victoire@gatling.test
Rey,Aurélie,989598,1997-01-12,rey.aurelie@gatling.test
Lecomte,Camille,363335,1964-04-26,lecomte.camille@gatling.test
Jean,Margot,519642,1972-12-18,jean.margot@gatling.test
Devaux,Gabriel,653693,1979-01-06,devaux.gabriel@gatling.test
Reynaud,William,980862,1994-03-09,reynaud.william@gatling.test
Goncalves,Madeleine,807112,2002-06-26,goncalves.madeleine@gatling.test
Gallet,Catherine,994103,1966-05-05,gallet.catherine@gatling.test
Lemaire,Nicole,429535,2001-10-17,lemaire.nicole@gatling.test
Leroux,Emmanuelle,849529,1971-04-04,leroux.emmanuelle@gatling.test
Humbert,Denise,231023,1979-02-15,humbert.denise@gatling.test
Delaunay,Agnès,830242,2000-04-19,delaunay.agnes@gatling.test
Charrier,Arthur,66869,1971-08-24,charrier.arthur@gatling.test
Fournier,Roland,168932,1966-12-04,fournier.roland@gatling.test
Seguin,Charlotte,965138,1987-09-20,seguin.charlotte@gatling.test
Legros,Étienne,350192,1991-08-27,legros.etienne@gatling.test
Charles,Pénélope,809792,1997-04-08,charles.penelope@gatling.test
Aubert,Thibault,107600,1979-02-19,aubert.thibault@gatling.test
Hervé,Théodore,394970,1999-09-29,herve.theodore@gatling.test
Merle,Rémy,259784,1976-08-13,merle.remy@gatling.test
Delorme,Christelle,505555,1971-01-31,delorme.christelle@gatling.test
Rocher,Daniel,632332,1993-05-07,rocher.daniel@gatling.test
Raynaud,Zacharie,87652,1994-10-07,raynaud.zacharie@gatling.test
Pineau,Gabrielle,732880,1985-04-23,pineau.gabrielle@gatling.test
Guilbert,Christine,414681,1986-07-13,guilbert.christine@gatling.test
Morvan,Alexandre,224950,1981-06-18,morvan.alexandre@gatling.test
Gaillard,Sébastien,387372,2002-02-24,gaillard.sebastien@gatling.test
De Oliveira,Renée,922951,1978-12-21,de oliveira.renee@gatling.test
David,Marcelle,782980,1996-11-05,david.marcelle@gatling.test
Seguin,Diane,432416,1992-10-18,seguin.diane@gatling.test
Lebrun,Claire,262266,1965-10-14,lebrun.claire@gatling.test
Legrand,Alphonse,777054,1998-03-02,legrand.alphonse@gatling.test
Lefebvre,Émile,713950,1994-08-09,lefebvre.emile@gatling.test
Jourdan,Mathilde,51498,1995-09-20,jourdan.mathilde@gatling.test
Barbe,Pauline,911204,1966-10-21,barbe.pauline@gatling.test
Masse,Alphonse,382782,1991-02-21,masse.alphonse@gatling.test
Arnaud,Gabriel,121036,1991-07-17,arnaud.gabriel@gatling.test
Julien,Emmanuelle,257751,1981-04-27,julien.emmanuelle@gatling.test
Caron,Patrick,276645,1966-12-09,caron.patrick@gatling.test
Blanchard,Sabine,421693,1984-03-04,blanchard.sabine@gatling.test
Morel,Émilie,638505,1994-08-24,morel.emilie@gatling.test
Lévy,Alain,988002,1999-10-08,levy.alain@gatling.test
Pons,Émilie,98089,1970-10-25,pons.emilie@gatling.test
Chauveau,Gilbert,991396,1997-04-17,chauveau.gilbert@gatling.test
Boulay,Léon,651320,1981-09-11,boulay.leon@gatling.test
Le Roux,Daniel,77857,1989-11-15,le roux.daniel@gatling.test
Payet,Philippine,974239,1966-01-08,payet.philippine@gatling.test
Lejeune,Robert,549682,1972-10-24,lejeune.robert@gatling.test
Lemaire,Stéphanie,535233,1982-02-10,lemaire.stephanie@gatling.test
Legendre,Théophile,268823,1994-11-05,legendre.theophile@gatling.test
Navarro,Pénélope,116377,1977-08-02,navarro.penelope@gatling.test
Lévêque,Hugues,648359,1999-02-05,leveque.hugues@gatling.test
Carre,Chantal,121833,1968-05-02,carre.chantal@gatling.test
Marchal,Martine,239155,1973-05-16,marchal.martine@gatling.test
Lefebvre,Corinne,975680,1993-01-04,lefebvre.corinne@gatling.test
Pereira,Claude,969180,1967-09-07,pereira.claude@gatling.test
Denis,Françoise,414878,1999-06-15,denis.francoise@gatling.test
Cordier,Simone,836113,1993-08-15,cordier.simone@gatling.test
Navarro,Roland,67612,1978-02-16,navarro.roland@gatling.test
Sanchez,Jeannine,383621,1995-03-12,sanchez.jeannine@gatling.test
Perrot,Amélie,173615,1994-05-01,perrot.amelie@gatling.test
Seguin,Françoise,182448,1997-05-06,seguin.francoise@gatling.test
Moulin,Amélie,127213,1980-08-25,moulin.amelie@gatling.test
Gomez,Laurent,765058,1974-10-19,gomez.laurent@gatling.test
Mallet,Léon,449941,1972-04-21,mallet.leon@gatling.test
Blondel,Franck,854860,1970-06-23,blondel.franck@gatling.test
Bruneau,Stéphane,705516,1996-03-12,bruneau.stephane@gatling.test
Carlier,Paulette,178375,1978-08-20,carlier.paulette@gatling.test
Gauthier,Laetitia,913799,1966-06-25,gauthier.laetitia@gatling.test
Pires,Georges,962474,1998-12-10,pires.georges@gatling.test
Hervé,René,60546,1979-03-20,herve.rene@gatling.test
Bonneau,Franck,728961,1983-08-03,bonneau.franck@gatling.test
Lombard,Élise,651235,1969-06-27,lombard.elise@gatling.test
Raynaud,Joséphine,685745,1997-08-23,raynaud.josephine@gatling.test
Faivre,Georges,459658,1995-09-15,faivre.georges@gatling.test
Voisin,Anastasie,167675,1997-12-21,voisin.anastasie@gatling.test
Grégoire,Monique,59121,1978-03-15,gregoire.monique@gatling.test
Langlois,Christine,408864,1992-04-29,langlois.christine@gatling.test
Payet,Camille,745527,1967-11-26,payet.camille@gatling.test
Girard,Élise,142060,1967-03-01,girard.elise@gatling.test
Breton,Luc,380560,1979-07-28,breton.luc@gatling.test
Guibert,Zacharie,347345,1968-04-04,guibert.zacharie@gatling.test
Roy,Rémy,924361,1982-06-05,roy.remy@gatling.test
Gilbert,Hugues,470334,1991-02-26,gilbert.hugues@gatling.test
Pelletier,Dominique,760245,2002-05-15,pelletier.dominique@gatling.test
Chauveau,Nathalie,388887,1976-10-08,chauveau.nathalie@gatling.test
Étienne,Capucine,833084,2002-03-25,etienne.capucine@gatling.test
Grenier,Pauline,883323,1975-01-18,grenier.pauline@gatling.test
Da Silva,Martin,975213,1990-01-10,da silva.martin@gatling.test
Vallée,Thierry,823108,1967-12-07,vallee.thierry@gatling.test
Dumas,Diane,38955,1968-05-29,dumas.diane@gatling.test
Chartier,Pauline,586943,1987-05-16,chartier.pauline@gatling.test
Traore,Anastasie,215223,1993-12-21,traore.anastasie@gatling.test
Rodriguez,Colette,208213,1970-02-10,rodriguez.colette@gatling.test
Maréchal,Adrienne,210397,1993-02-07,marechal.adrienne@gatling.test
Navarro,Adrienne,156489,1981-07-27,navarro.adrienne@gatling.test
Toussaint,Noémi,55731,1973-04-20,toussaint.noemi@gatling.test
Muller,Antoinette,734293,1975-05-26,muller.antoinette@gatling.test
Léger,Frédéric,226695,1994-05-17,leger.frederic@gatling.test
Moreau,Emmanuel,304320,1999-09-01,moreau.emmanuel@gatling.test
Brun,Claire,743134,1994-07-07,brun.claire@gatling.test
Regnier,Louis,781800,2002-12-22,regnier.louis@gatling.test
Boutin,Josette,207194,1980-05-29,boutin.josette@gatling.test
David,André,810483,1989-02-06,david.andre@gatling.test
Lemaître,Isabelle,749322,1999-02-04,lemaitre.isabelle@gatling.test
Klein,Clémence,461731,1981-11-25,klein.clemence@gatling.test
Foucher,François,28763,1975-02-08,foucher.francois@gatling.test
Clerc,Madeleine,170294,1974-11-28,clerc.madeleine@gatling.test
Bertrand,Valérie,683654,1998-06-05,bertrand.valerie@gatling.test
Gillet,Grégoire,256562,1973-01-05,gillet.gregoire@gatling.test
Colas,Alfred,699311,1992-08-03,colas.alfred@gatling.test
Menard,Éléonore,941650,1989-08-28,menard.eleonore@gatling.test
Antoine,Jules,957799,1995-08-06,antoine.jules@gatling.test
Denis,Brigitte,218108,1979-11-05,denis.brigitte@gatling.test
Perrot,Vincent,880427,1967-10-27,perrot.vincent@gatling.test
Clément,Patricia,925661,1966-07-19,clement.patricia@gatling.test
Ferrand,Nicole,251910,1994-03-04,ferrand.nicole@gatling.test
Poirier,René,96319,1993-09-19,poirier.rene@gatling.test
Colin,Jacqueline,958812,1977-08-31,colin.jacqueline@gatling.test
Pinto,Inès,74286,1986-09-14,pinto.ines@gatling.test
Léger,Guillaume,87008,1973-09-06,leger.guillaume@gatling.test
Humbert,Marie,952731,1967-09-03,humbert.marie@gatling.test
Lefort,Lucy,634549,1982-01-02,lefort.lucy@gatling.test
Adam,Pénélope,740527,1966-01-20,adam.penelope@gatling.test
Auger,Thomas,51131,1995-07-27,auger.thomas@gatling.test
Germain,Frédérique,574284,1999-12-04,germain.frederique@gatling.test
Chauvet,Zoé,288133,1978-06-11,chauvet.zoe@gatling.test
Georges,Antoinette,977255,1968-12-15,georges.antoinette@gatling.test
Leduc,Lucas,365837,1975-12-17,leduc.lucas@gatling.test
Pierre,Sébastien,647609,1988-09-27,pierre.sebastien@gatling.test
Wagner,Daniel,167227,1983-07-27,wagner.daniel@gatling.test
Gaillard,Grégoire,761630,1965-12-07,gaillard.gregoire@gatling.test
Bruneau,Thibault,647759,1984-02-20,bruneau.thibault@gatling.test
Giraud,Véronique,131010,1966-01-02,giraud.veronique@gatling.test
Lefort,Laure,429007,1977-10-22,lefort.laure@gatling.test
Hebert,Caroline,727871,1989-01-05,hebert.caroline@gatling.test
Maillard,Alain,626982,1989-06-13,maillard.alain@gatling.test
Letellier,Thérèse,578745,1991-01-04,letellier.therese@gatling.test
Schmitt,Léon,841158,1996-12-10,schmitt.leon@gatling.test
Rivière,Michel,595828,1997-03-10,riviere.michel@gatling.test
Guibert,Daniel,321309,1997-07-01,guibert.daniel@gatling.test
Millet,Diane,788368,1966-09-14,millet.diane@gatling.test
Bonnet,Sébastien,137574,1975-08-15,bonnet.sebastien@gatling.test
Renard,Franck,507509,1985-01-27,renard.franck@gatling.test
Valentin,Pénélope,887174,1981-02-01,valentin.penelope@gatling.test
Riou,Nicolas,198813,1965-06-06,riou.nicolas@gatling.test
Guilbert,Jean,315421,1973-07-04,guilbert.jean@gatling.test
Turpin,Philippe,829228,1995-02-17,turpin.philippe@gatling.test
Poulain,Gilbert,733702,1966-02-26,poulain.gilbert@gatling.test
Didier,Adélaïde,995245,1973-02-13,didier.adelaide@gatling.test
Guilbert,Andrée,644159,1993-01-08,guilbert.andree@gatling.test
Gomes,Jacqueline,779994,2001-06-13,gomes.jacqueline@gatling.test
Faivre,Robert,718281,1996-08-26,faivre.robert@gatling.test
Launay,Claire,740566,1985-07-21,launay.claire@gatling.test
Martineau,Danielle,16520,2000-08-20,martineau.danielle@gatling.test
Boucher,Laurence,606306,1993-02-05,boucher.laurence@gatling.test
Coste,Luce,624040,1994-10-25,coste.luce@gatling.test
Mallet,Philippine,452187,1988-12-22,mallet.philippine@gatling.test
Langlois,Marie,637068,2000-09-02,langlois.marie@gatling.test
Pascal,René,927157,1974-03-24,pascal.rene@gatling.test
Carpentier,Andrée,691028,1990-07-14,carpentier.andree@gatling.test
Cordier,Susan,720065,1999-12-27,cordier.susan@gatling.test
Rodriguez,Pauline,774962,1976-04-19,rodriguez.pauline@gatling.test
De Oliveira,Valentine,762546,1974-04-15,de oliveira.valentine@gatling.test
Dumas,Anouk,34651,1979-11-23,dumas.anouk@gatling.test
Rousseau,Hugues,764203,1978-05-13,rousseau.hugues@gatling.test
Texier,Olivier,432532,1987-01-15,texier.olivier@gatling.test
Legendre,Yves,362900,1994-08-12,legendre.yves@gatling.test
Marques,Jules,994411,1990-01-16,marques.jules@gatling.test
Laurent,Juliette,500015,1994-10-19,laurent.juliette@gatling.test
Salmon,Élodie,450432,1985-06-16,salmon.elodie@gatling.test
Leblanc,Antoinette,923631,1966-01-11,leblanc.antoinette@gatling.test
Gosselin,Émile,226425,1997-09-24,gosselin.emile@gatling.test
Renaud,Pauline,38694,1967-01-13,renaud.pauline@gatling.test
Laroche,Sébastien,975325,1997-08-06,laroche.sebastien@gatling.test
De Oliveira,Denise,958671,1997-06-18,de oliveira.denise@gatling.test
Colin,Susan,108027,1999-07-16,colin.susan@gatling.test
Schmitt,Alix,221936,1969-03-30,schmitt.alix@gatling.test
Courtois,Eugène,866145,1974-05-22,courtois.eugene@gatling.test
Blondel,Franck,409951,1996-01-28,blondel.franck@gatling.test
Mary,Michèle,642591,1967-07-18,mary.michele@gatling.test
Potier,Élise,589620,1986-10-04,potier.elise@gatling.test
Lévy,Amélie,321489,1969-09-17,levy.amelie@gatling.test
Masse,Jacques,746069,1967-03-29,masse.jacques@gatling.test
Bouvier,Françoise,613532,2002-04-30,bouvier.francoise@gatling.test
Lefort,Astrid,734366,1968-01-17,lefort.astrid@gatling.test
Lévy,Laurence,266962,1983-03-16,levy.laurence@gatling.test
Bousquet,Alexandre,454985,1965-12-02,bousquet.alexandre@gatling.test
Bonnet,Théodore,57920,1970-12-13,bonnet.theodore@gatling.test
Charles,Tristan,204188,1975-02-20,charles.tristan@gatling.test
Michel,Alexandrie,730419,1990-07-08,michel.alexandrie@gatling.test
Moreno,Madeleine,955530,2001-05-01,moreno.madeleine@gatling.test
Voisin,Jean,11545,1969-07-11,voisin.jean@gatling.test
Maillet,André,682362,1982-08-21,maillet.andre@gatling.test
Guichard,Alexandrie,593530,1985-10-11,guichard.alexandrie@gatling.test
Germain,Adrien,161037,1974-06-20,germain.adrien@gatling.test
Gilles,William,60135,1976-03-24,gilles.william@gatling.test
Delahaye,Denise,379857,1972-08-07,delahaye.denise@gatling.test
Mendès,Guillaume,432001,2002-01-30,mendes.guillaume@gatling.test
Cohen,Juliette,801907,1979-05-23,cohen.juliette@gatling.test
Bruneau,Catherine,190381,1991-01-14,bruneau.catherine@gatling.test
Thierry,Maryse,963785,1979-01-25,thierry.maryse@gatling.test
Brunel,Élisabeth,868877,1999-05-02,brunel.elisabeth@gatling.test
Perrin,Jules,305350,1980-08-23,perrin.jules@gatling.test
Chauvet,Zoé,405584,1998-09-06,chauvet.zoe@gatling.test
Bègue,Olivier,572680,1968-11-09,begue.olivier@gatling.test
Rey,Thibault,685505,1986-05-24,rey.thibault@gatling.test
Dupont,Roland,945617,1986-03-04,dupont.roland@gatling.test
Garcia,Jacques,974832,1984-04-23,garcia.jacques@gatling.test
Ruiz,Étienne,409623,1983-08-17,ruiz.etienne@gatling.test
Gallet,Vincent,809759,1986-08-31,gallet.vincent@gatling.test
Labbé,Manon,387621,1999-09-07,labbe.manon@gatling.test
Gomes,Mathilde,649324,1969-03-25,gomes.mathilde@gatling.test
Lecoq,Robert,951761,1987-12-09,lecoq.robert@gatling.test
Henry,Charlotte,227306,1977-07-09,henry.charlotte@gatling.test
Rousset,Bernadette,523848,1981-07-18,rousset.bernadette@gatling.test
Parent,Manon,520436,1976-08-18,parent.manon@gatling.test
Petit,Marcelle,986992,1966-01-09,petit.marcelle@gatling.test
Faure,Laurence,336243,1993-05-09,faure.laurence@gatling.test
Delaunay,Colette,494254,2000-06-19,delaunay.colette@gatling.test
Bouchet,Martin,321931,1991-03-24,bouchet.martin@gatling.test
Guichard,Emmanuelle,938363,2002-01-28,guichard.emmanuelle@gatling.test
Valentin,Susan,866644,1996-10-29,valentin.susan@gatling.test
Charpentier,Lorraine,554498,1989-12-22,charpentier.lorraine@gatling.test
Bourgeois,Julie,1744,1971-11-02,bourgeois.julie@gatling.test
Berger,Amélie,725991,2001-09-11,berger.amelie@gatling.test
Gosselin,Audrey,847149,1993-05-19,gosselin.audrey@gatling.test
Bertin,Céline,267116,2003-01-08,bertin.celine@gatling.test
Laine,Alex,535136,1969-03-12,laine.alex@gatling.test
Lopez,Nicolas,206116,1983-10-03,lopez.nicolas@gatling.test
Julien,Caroline,81744,1992-10-05,julien.caroline@gatling.test
Richard,Raymond,244621,1995-09-11,richard.raymond@gatling.test
Gaillard,Sabine,620216,1969-02-18,gaillard.sabine@gatling.test
Antoine,Manon,347666,1975-04-06,antoine.manon@gatling.test
Devaux,Margaret,728305,1969-07-26,devaux.margaret@gatling.test
Lemaître,Alix,797306,1974-01-18,lemaitre.alix@gatling.test
Coste,Maurice,136200,1980-06-21,coste.maurice@gatling.test
Guichard,Véronique,653176,1975-12-07,guichard.veronique@gatling.test
Bernier,Claudine,402111,1984-07-30,bernier.claudine@gatling.test
Jacquot,Adélaïde,958150,1980-09-29,jacquot.adelaide@gatling.test
Vincent,Louis,140818,1992-03-24,vincent.louis@gatling.test
Henry,René,968278,1995-07-17,henry.rene@gatling.test
Michaud,Noël,409167,1965-11-28,michaud.noel@gatling.test
Huet,Alix,613014,1976-07-17,huet.alix@gatling.test
Brunel,Isaac,69297,1977-04-20,brunel.isaac@gatling.test
Guichard,Maryse,170597,1998-05-03,guichard.maryse@gatling.test
Imbert,Michelle,757565,1998-06-20,imbert.michelle@gatling.test
Thibault,Monique,164249,1977-02-10,thibault.monique@gatling.test
Camus,Camille,797924,1980-07-12,camus.camille@gatling.test
Meyer,Célina,534850,2002-09-07,meyer.celina@gatling.test
Barbe,Capucine,103918,1985-07-27,barbe.capucine@gatling.test
Carre,Véronique,419920,1993-10-12,carre.veronique@gatling.test
Andre,Thibault,178591,1984-12-27,andre.thibault@gatling.test
Andre,Marine,803988,1983-07-15,andre.marine@gatling.test
Rodrigues,Marine,166862,1987-03-27,rodrigues.marine@gatling.test
Pasquier,Maryse,874822,1988-09-19,pasquier.maryse@gatling.test
Lesage,Nicolas,971752,1990-09-01,lesage.nicolas@gatling.test
Muller,Stéphane,296087,1998-06-25,muller.stephane@gatling.test
Bertrand,Manon,714035,1989-01-28,bertrand.manon@gatling.test
Lenoir,Stéphane,169022,1994-05-19,lenoir.stephane@gatling.test
Charpentier,Capucine,65674,1988-04-15,charpentier.capucine@gatling.test
Allain,Théodore,989576,2001-03-17,allain.theodore@gatling.test
Pelletier,Victor,479887,1965-09-05,pelletier.victor@gatling.test
Reynaud,Édith,649586,1981-12-13,reynaud.edith@gatling.test
Leconte,Alphonse,982757,1989-07-23,leconte.alphonse@gatling.test
Barbier,Alexandria,733328,1983-12-05,barbier.alexandria@gatling.test
Benoit,Vincent,911655,1991-07-31,benoit.vincent@gatling.test
Colin,Marcel,89768,1975-04-08,colin.marcel@gatling.test
Lacroix,Dorothée,688346,1974-05-11,lacroix.dorothee@gatling.test
Alexandre,Agathe,524274,1964-10-07,alexandre.agathe@gatling.test
Diaz,Adélaïde,418755,1996-11-03,diaz.adelaide@gatling.test
Rodrigues,Adélaïde,254341,1994-12-19,rodrigues.adelaide@gatling.test
Bernard,Aimée,114959,1979-09-10,bernard.aimee@gatling.test
Maillot,Hortense,825782,1968-10-09,maillot.hortense@gatling.test
Allard,Catherine,969694,1988-01-13,allard.catherine@gatling.test
Lévêque,Gérard,219756,1977-10-11,leveque.gerard@gatling.test
Delorme,Pénélope,579409,1994-02-25,delorme.penelope@gatling.test
Brunel,Camille,528327,1966-12-23,brunel.camille@gatling.test
Arnaud,Marc,474573,1983-05-20,arnaud.marc@gatling.test
Pons,Élodie,434826,1969-02-27,pons.elodie@gatling.test
Maréchal,Aimée,506769,1991-09-30,marechal.aimee@gatling.test
Durand,Marc,885139,2000-11-24,durand.marc@gatling.test
Morvan,Henri,525409,1991-10-10,morvan.henri@gatling.test
Hamel,Emmanuelle,964688,1977-06-25,hamel.emmanuelle@gatling.test
Henry,Jeanne,517472,1991-01-13,henry.jeanne@gatling.test
Diallo,Madeleine,770264,1976-08-07,diallo.madeleine@gatling.test
Neveu,Michèle,715019,1997-02-09,neveu.michele@gatling.test
Noël,Anastasie,711703,2000-06-02,noel.anastasie@gatling.test
Rivière,Virginie,237454,1991-01-30,riviere.virginie@gatling.test
Loiseau,Pauline,228101,1999-08-11,loiseau.pauline@gatling.test
Samson,Léon,273579,1982-02-11,samson.leon@gatling.test
Albert,Olivie,435712,1984-01-18,albert.olivie@gatling.test
Paris,Alex,850627,1974-08-19,paris.alex@gatling.test
Chauveau,Édith,241414,1985-11-17,chauveau.edith@gatling.test
Blin,Christophe,803026,1968-07-30,blin.christophe@gatling.test
Étienne,Gilles,222896,1983-08-17,etienne.gilles@gatling.test
Vallée,Sabine,410272,1992-02-06,vallee.sabine@gatling.test
Hardy,Alfred,214848,1966-07-29,hardy.alfred@gatling.test
Bouvier,Joseph,723963,1971-03-20,bouvier.joseph@gatling.test
Lefebvre,Robert,534098,1983-01-20,lefebvre.robert@gatling.test
Marchand,Éric,687157,2001-04-11,marchand.eric@gatling.test
Gimenez,Nicole,58398,1984-11-30,gimenez.nicole@gatling.test
Gilles,André,970646,1993-11-30,gilles.andre@gatling.test
Schneider,Jérôme,716301,1975-04-29,schneider.jerome@gatling.test
Raymond,Pierre,281585,1977-04-08,raymond.pierre@gatling.test
Guillaume,Agnès,452598,1996-08-25,guillaume.agnes@gatling.test
Hoareau,Capucine,875852,1965-06-10,hoareau.capucine@gatling.test
Pereira,Astrid,888742,1982-12-27,pereira.astrid@gatling.test
Lemoine,Nicolas,195473,1969-02-14,lemoine.nicolas@gatling.test
